;sentence;class;predicted_class
0;Para analistas como Kris Voorspools, da Fortis, em Bruxelas, o 'preço do petróleo pode continuar a subir', por se estar perante o 'simples fundamento da oferta e da procura'. , Kris Voorspools , Fortis;1;1
1;Com parceria de empresas como MEI Fácil , Dicas MEI , MarketUP e Sebrae , o Bradesco mantém um portal exclusivo onde MEIs são auxiliados no processo de formalização e abertura de conta PJ e contam com diversos serviços e software gratuitos que ajudam na gestão do negócio . , MarketUP , MEIs;0;0
2;A iniciativa é da Comissão das Cidades Irmãs São Paulo-Osaka, que plantou-as próximo ao Pavilhão Japonês. , Pavilhão Japonês , Comissão das Cidades Irmãs São Paulo-Osaka;1;0
3;No início do ano , representantes do N26 anunciaram expansão para os Estados Unidos , ainda no primeiro semestre de 2019 , e , posteriormente , para o Brasil . , Brasil , N26;0;0
4;Esse é um alvo viável para remédios contra a obesidade , disse um dos autores, John Clapham, da empresa farmacêutica SmithKline Beecham, que fez o estudo em colaboração com a Universidade de Cambridge, Reino Unido. , John Clapham , Universidade de Cambridge;0;0
5;A Movile Pay , braço de pagamentos da Movile , dona do iFood , está testando a tecnologia de pagamento por QR Code em seis bancas de jornal na avenida Paulista . , iFood , Movile;1;1
6;Os fundadores da Antecipa, Camilo Telles e Michel Borges, terão 100% de independência na gestão do negócio, contando com a estrutura, a solidez e, principalmente, o acesso à base de clientes da XP Inc. , Michel Borges , Camilo Telles;0;0
7;A Ipiranga e a Seminovos Movida acabam de fechar parceria para a estreia de um novo modelo no comércio de veículos no Brasil . , Ipiranga , Seminovos Movida;1;1
8;Sobre a Elo Lançada em 2011 por três dos maiores bancos do País (Banco do Brasil , Bradesco e CAIXA) , a Elo é a primeira bandeira 100% brasileira . , Elo , Bradesco;0;0
9;Em parceria com a Federação Nacional de Previdência Privada e Seguros , a entidade está discutindo essas novas categorias , explica Luiz Carvalho , responsável pela Distribuição e Previdência na área de Representação da Anbima , Luiz Carvalho , Distribuição e Previdência;1;1
10;Segundo o subgerente de Agronegócios do Sicoob Central SCRS , Rodinei Munaretto , queremos potencializar a atuação de nossas cooperativas no Rio Grande do Sul e , para isso , o crédito rural e o agronegócio são fundamentais para uma parceria mais efetiva e duradoura . , Rio Grande do Sul , Agronegócios do Sicoob Central SCRS;0;0
11;O levantamento aponta que o Mercado Pago, braço de pagamentos on line do Mercado Livre, terá um trimestre forte, principalmente na Argentina, onde lojas estão intensificando o uso de pagamentos digitais. , Argentina , Mercado Livre;0;0
12;Deverá render uma economia de R$ 4 por tonelada de cana processada, diz Felipe Vichiatto, CFO da São Martinho. , Felipe Vichiatto , São Martinho;1;1
13;Davi Holanda , ex-executivo da PagSeguro e atual presidente da fintech Acesso , de cartões pré-pagos , afirma que a disrupção no setor virá justamente desse novo modelo das carteiras digitais . , Davi Holanda , PagSeguro;1;1
14;Já nesta quarta-feira , o Cruzeiro apresentou parceria com o Banco Renner , que estampará marca Digi+ . , Cruzeiro , Banco Renner;1;1
15;A Line, com sede no Japão, juntou forças com o Kasikornbank da Tailândia na Line BK, um serviço de banco social . , Kasikornbank , Japão;0;0
16;O bairro Cobilândia, em Vila Velha, vai receber a primeira agência do Sicoob, nesta segunda-feira 15, na Avenida Carlos Lindenberg. , Cobilândia , Avenida Carlos Lindenberg;1;0
17;Muitos questionam a presença maciça de representantes da XP Investimentos no Ministério da Economia e no Palácio do Planalto. , Palácio do Planalto , Ministério da Economia;0;0
18;O banco Safra assinou contrato de dez anos para uso da rede da Claro . , banco Safra , Claro;1;1
19;Governador do Paraná apresenta Plataforma de Inteligência Artificial no Smart City Business Brazil 2019 , em São Paulo . , São Paulo , Smart City Business Brazil 2019;1;1
20;O chatbot Olivia , criado por Lucas Moraes , da quarta geração de herdeiros da família Ermírio de Moraes , do grupo Votorantim , tem o Itaú e o Banco do Brasil como seus novos clientes e continua a aumentar a lista de espera para seu aplicativo de educação financeira via inteligência artificial . , chatbot Olivia , Lucas Moraes;1;1
21;Davi Holanda , ex-executivo da PagSeguro e atual presidente da fintech Acesso , de cartões pré-pagos , afirma que a disrupção no setor virá justamente desse novo modelo das carteiras digitais . , Davi Holanda , Acesso;1;1
22;A Nossa Galáxia vai por isso assinar sábado um protocolo com a Câmara Municipal de Cascais para que o Centro de Interpretação Ambiental seja disponibilizado para as suas actividades junto da comunidade escolar. , Centro de Interpretação Ambiental , Nossa Galáxia;0;0
23;A marca tem feito investimentos contínuos em inovar seu modelo de negócio e já disponibilizou assistentes de voz para outros serviços da marca, como a experiência de Meditação Natura, que pode ser acionado pelo Amazon Alexa e pelo Google Assistente, disponíveis em português, espanhol e inglês. , Google Assistente , Amazon Alexa;0;0
24;A autorização do Banco Central permitirá com que a Stark Bank oferte cartão de crédito e antecipação de recebíveis. , Stark Bank , Banco Central;1;1
25;O Estadão revela que o C6 Bank , banco digital criado por ex-executivos do BTG Pactual , negocia o seu balcão de seguros . , BTG Pactual , C6 Bank;1;1
26;Em visita a Cabaceiras , no semiárido da Paraíba , o município onde chove menos em todo o país , a ministra da agricultura , Tereza Cristina , anunciou neste domingo que vai fortalecer os programas do ministério de incentivo às cooperativas com um novo sistema , o Mais Cooperativismo , em parceria com a Organização das Cooperativas do Brasil . , Cabaceiras , Organização das Cooperativas do Brasil;0;0
27;No Sicoob e no Sicredi as taxas de sucesso foram, respectivamente, de 26% e 25%, no Itaú ficou em 10% e na Caixa em apenas 6%. , Caixa , Itaú;0;0
28;Com a aprovação, a Localiza passará a deter o total de ações da Unidas, e os acionistas desta última receberão papéis da Localiza na relação de troca. , Unidas , Localiza;1;1
29;Mastercard e Mercado Pago anunciaram na última semana um novo acordo dentro de sua aliança estratégica para incorporar novas modalidades de pagamento e promover a inclusão financeira na região da América Latina e Caribe . , Mercado Pago , Caribe;0;0
30;Antes disso, em outubro de 2019, a financeira Midway, que pertence ao grupo Guararapes controlador da Riachuelo, também já havia anunciado que se preparava para ser banco e esperava pela autorização da autoridade monetária em 2020. , Guararapes , Midway;1;1
31;A iniciativa , da Money Cloud junto ao Instituto Banco da Periferia , começa com um piloto em Maricá , onde milhares de clientes já contam com serviços completos de conta digital , além de pagamentos nos pontos comerciais credenciados . , Money Cloud , Instituto Banco da Periferia;1;1
32;Como não é uma instituição financeira , o Mercado Pago conta com parceria com o Banco Topázio , do Rio Grande do Sul , e da financeira Money Plus para emprestar ao ecossistema do Mercado Livre . , Mercado Livre , Money Plus;1;0
33;Além do Trem do Forró, evento criado e produzido pela Serrambi Turismo, que hoje desponta como uma das principais atrações turística do Brasil que acontece no mês de junho. , Brasil , Trem do Forró;1;0
34;A cimeira União Europeia-África, prevista para 8 e 9 de Dezembro em Lisboa, não deve ser uma cimeira sobre o presidente do Zimbabwe, Robert Mugabe, defendeu hoje José Sócrates, primeiro-ministro português e presidente em exercício da União Europeia . , Lisboa , Robert Mugabe;0;0
35;Em fase piloto, o projeto estará disponível aos clientes ConectCar a partir do mês de agosto, no bairro Jardim da Saúde, em São Paulo. , Jardim da Saúde , São Paulo;1;1
36;A DinDin foi fundada em 2016 por Stéphanie Fleury CEO, Juliana Furtado, Renato Avila e Brunna Beccaro. , Juliana Furtado , Stéphanie Fleury CEO;0;0
37;A Riachuelo deu início à expansão das redes de unidades da Carter, marca infantil, e Casa Riachuelo, voltada para casa e decoração. , Riachuelo , Casa Riachuelo;0;0
38;Segundo o Banco Central , existem mais de 20 competidores nesse mercado que até 2010 era centrado apenas em Cielo , do Banco do Brasil  , e Rede , do Itaú Unibanco . , Banco do Brasil , Itaú Unibanco;0;0
39;Agora , há indícios consistentes de que o principal estimulador de essa atitude de Itamar foi o presidente da Telerj, José de Castro, para recuperar a influência que tinha sobre o governo. , Itamar , Telerj;0;0
40;A crise já tinha sido solucionada, após uma reunião na casa do procurador geral Aristides Junqueira, que juntou as principais lideranças do Congresso, membros do Supremo Tribunal Federal e FHC. , Supremo Tribunal Federal , FHC;0;0
41;São alguns deles a Tencent , Insight Venture Partners , Valar Ventures de Peter Thiel , fundador do PayPal . , Insight Venture Partners , Peter Thiel;0;0
42;A Adyen , processadora de pagamentos pioneira na adoção das carteiras digitais no Brasil , se uniu ao Google para integrar a função débito ao Google Pay . , Google , Google Pay;0;0
43;O Sem Parar firmou uma parceria com a Lady Driver e a marca Shell do Brasil , que permite que passageiras e motoristas troquem experiências sobre as comodidades do serviço de pagamento automático para abastecimento . , Shell do Brasil , Lady Driver;0;1
44;Banco Hyundai , que terá como sócios a própria montadora sul-coreana e a Aymoré , braço de financiamento pessoal e de veículos do Santander Brasil . , Santander Brasil , Aymoré;1;1
45;A Mastercard integra o serviço de crédito aos cartões de ônibus em Santo André , na Grande São Paulo , e na rede metropolitana da Grande Curitiba , por exemplo . , Grande Curitiba , Mastercard;0;0
46;De acordo com as fontes da Reuters , a expectativa é que , com a aquisição , Amazon possa utilizar as redes sem fio da T-Mobile por cerca de 6 anos . , T-Mobile , Reuters;0;0
47;Rodrigo Ventura decidiu criar a 88i após validar sua tese no Startup Weekend Blockchain Techstars , evento patrocinado pelo Google e pela TechStars , braço de inovação do banco Barclays da Inglaterra . , 88i , banco Barclays da Inglaterra;0;0
48;O Walmart anunciou nesta terça-feira 01 que seu novo programa de fidelidade será lançado dia 15 de setembro, nos Estados Unidos. , Estados Unidos , Walmart;0;0
49;Nossas equipes já há algum tempo estão sendo dirigidas pelo professor Brasil, uma das brilhantes crias de Ronaldo Goldone que mesmo não estando a frente de nossas equipes continua atuando em as atividades do Niterói Rugby. , Brasil , Ronaldo Goldone;0;0
50;A Unicred é uma das maiores cooperativas financeiras do País com R$ 14,3 bilhões em ativos totais com 278 agências. , País , Unicred;1;1
51;A união entre a Amazon e o Alibaba para a compra dos Correios é um movimento especulado há algum tempo. , Correios , Alibaba;0;1
52;A situação de estes dois países provocou o regresso de muito capital especulativo ao mercado , segundo o presidente da Ritterbusch & Associates, Jim Ritterbusch, citado pela Reuters. , Ritterbusch & Associates , Reuters;0;1
53;Mastercard e Mercado Pago anunciaram na última semana um novo acordo dentro de sua aliança estratégica para incorporar novas modalidades de pagamento e promover a inclusão financeira na região da América Latina e Caribe . , Mercado Pago , Mastercard;1;1
54;Tendo em atenção o que se tem passado em os últimos anos na carreira do ex-treinador do FC Porto, que nunca termina os contratos e acaba sempre despedido com uma choruda indemnização, bem se pode dizer que a Federação Iraniana de Futebol acredita no Pai Natal. , FC Porto , Federação Iraniana de Futebol;0;0
55;A partir de agora , a NET está na Claro . , Claro , NET;1;1
56;De acordo com a Confederação Brasileira de Cinofilia, órgão filiado ao Fédération Cynologique Internationale, existem onze grupos de raças no Brasil. , Confederação Brasileira de Cinofilia , Fédération Cynologique Internationale;1;1
57;Flávio Pripas não é mais o responsável pelo Cubo , a iniciativa de fomento a startups do Itaú Unibanco . , Cubo , Flávio Pripas;1;1
58;Desenvolvido pelo Instituto Sicoob em parceria com o Sescoop/PR , neste ano o Programa Cooperjovem chegou a mais um município da área de atuação do Sicoob Metropolitano . , Sescoop/PR , Sicoob Metropolitano;0;0
59;Seguindo um movimento nacional do Banco do Brasil , a agência de Campo Mourão abre no dia 29 deste mês e prossegue até o dia 4 de novembro , a campanha MPE Week , destinada a MPEs . , MPE Week , Banco do Brasil;0;0
60;O Santander , portanto , fechou uma parceria com a Wyden , instituição de ensino superior que faz parte dos maiores grupos educacionais do mundo , a Adtalem Global Education . , Wyden , Santander;1;1
61;Poderão usar a agência clientes de bancos como Banrisul , Banco do Nordeste do Brasil e BMG , e também dos digitais Banco Inter e Agibank . , Banrisul , BMG;0;0
62;No ano passado, o Santander decidiu apostar na Superdigital e exportar o modelo para sete países da América Latina. , Santander , Superdigital;1;1
63;O Mercado Livre vale US$ 60,6 bilhões, mais do que o valor de mercado da Magazine Luiza e da WEG juntos. , Mercado Livre , Magazine Luiza;0;0
64;O programa de capacitação Startup SC , iniciativa do Sebrae de Santa Catarina , anunciou as 50 empresas selecionadas . , Sebrae de Santa Catarina , Startup SC;1;1
65;O escritor Clive Cussler, autor das aventuras de Dirk Pitt, assinou um contrato de US$ 14s com a Simon & Schuster para a publicação de dois livros. , Simon & Schuster , Clive Cussler;1;1
66;Antes disso, em outubro de 2019, a financeira Midway, que pertence ao grupo Guararapes controlador da Riachuelo, também já havia anunciado que se preparava para ser banco e esperava pela autorização da autoridade monetária em 2020. , Riachuelo , Midway;0;0
67;A primeira mega store da Cacau Show foi aberta no fim de 2017 no Complexo Intensidade, em Itapevi, interior do Estado de São Paulo. , Estado de São Paulo , Itapevi;1;1
68;Já o Carrefour está testando o Carrefour Pay , importado da Europa , que começou focado em postos de combustível e algumas lojas do Carrefour Express (de até 150 metros quadrados) . , Carrefour Pay , Europa;1;1
69;Gratuito, funciona na plataforma do Serasa Limpa Nome ou no aplicativo da Serasa. , Serasa Limpa Nome , Serasa;0;0
70;No mesmo registro, Martin SCHULZ , líder do PSE, recordou que, na República de Weimar, se queria acabar com os inimigos em forma de coro e quem dirigia esse coro era Hitler '. , República de Weimar , PSE;0;0
71;O Yuan digital está sendo testado em cidades como Pequim, Hong Kong e Macau. , Macau , Hong Kong;0;0
72;De acordo com a Confederação Brasileira de Cinofilia, órgão filiado ao Fédération Cynologique Internationale, existem onze grupos de raças no Brasil. , Brasil , Confederação Brasileira de Cinofilia;0;0
73;O objetivo é fomentar tanto a parceria com as MPEs e também as vendas em um país com tantas dificuldades econômicas , explicou o gerente geral da agência do Banco do Brasil de Campo Mourão , Paulo de Tarso Fernandes dos Santos . , Paulo de Tarso Fernandes dos Santos , MPEs;0;0
74;A cimeira União Europeia-África, prevista para 8 e 9 de Dezembro em Lisboa, não deve ser uma cimeira sobre o presidente do Zimbabwe, Robert Mugabe, defendeu hoje José Sócrates, primeiro-ministro português e presidente em exercício da União Europeia . , Zimbabwe , União Europeia;0;0
75;Mais da metade dos membros de seu Nike Training Club usaram seu aplicativo para começar um treino, um recorde para a empresa, disse o CFO Matt Friend durante a ligação. , Training Club , Nike;0;1
76;A Firgun trabalha em parceria com organizações não-governamentais que atuam na periferia , como a Afrobusiness e a Barca , que atendeu Maria Pimentel , da Parça Progresso Confecções , do Jardim Ângela , zona sul de São Paulo , Jardim Ângela , Maria Pimentel;0;0
77;O look and feel design , a linguagem e a tela , são do Flamengo , disse Rudy Cordeiro , diretor de TI do BS2 . , Rudy Cordeiro , BS2;1;1
78;A projeção foi feita pela diretora-executiva da Accenture , Edlayne Burr , na abertura da quarta edição do Fintech View , evento realizado ontem em São Paulo pela Cantarino Brasileiro em parceria com o FintechLab . , São Paulo , FintechLab;0;0
79;A plataforma de inovação Distrito , em parceria com a consultoria KPMG e HDI Seguros , inaugurou nesta quinta-feira em São Paulo o primeiro campus de fintechs do Brasil . , São Paulo , Distrito;1;1
80;Stuart Lipton, do Instituto Burnham, Califórnia, não duvida . , Stuart Lipton , Califórnia;0;0
81;Um divisor de águas foi o posicionamento do então Ministério da Fazenda em ação movida pelo Bradesco contra o GuiaBolso . , GuiaBolso , Bradesco;1;1
82;Segundo os desenvolvedores do token , ele foi construído justamente para atender o setor de turismo e , de acordo com o site oficial , possui parcerias com o Bank of China , Credit Suisse , HSBC , Banco Central de Cuba e Banco Central do Egito . , Banco Central de Cuba , Bank of China;0;0
83;A C6 Bank acaba de fechar a compra da empresa de sistemas de pagamento NTK Solutions . , NTK Solutions , C6 Bank;1;1
84;O Hurb , novo nome do Hotel Urbano e o Santander Esfera , programa de fidelidade do Banco Santander , firmaram uma parceria que vai render pontos e vantagens para os clientes de ambas as empresas . , Santander Esfera , Hotel Urbano;0;0
85;Os fundadores da Antecipa, Camilo Telles e Michel Borges, terão 100% de independência na gestão do negócio, contando com a estrutura, a solidez e, principalmente, o acesso à base de clientes da XP Inc. , Antecipa , Michel Borges;1;0
86;A Mastercard integra o serviço de crédito aos cartões de ônibus em Santo André , na Grande São Paulo , e na rede metropolitana da Grande Curitiba , por exemplo . , Grande São Paulo , Mastercard;0;0
87;Nove instituições financeiras participaram da primeira etapa, entre elas Caixa, Banco do Brasil e Itaú – as três pediram ampliação do limite inicial. , Caixa , Itaú;0;0
88;A Marisa , maior marca feminina de moda e lingerie do País , lança , em parceria com a Icatu Seguros , um novo produto financeiro Marisa Previdência . , Marisa , Icatu Seguros;1;1
89;Esta semana, a Cielo lançou o Cielo Digi, uma plataforma que reúne produtos e serviços digitais da empresa, desde soluções de venda até gestão de dados e cursos gratuitos sobre venda online e dos parceiros Eduka e Sebrae. , Cielo Digi , Cielo;1;1
90;Segundo a associada da ARPA , Heliene Salvador , o Dia de Cooperar realizado pelo Sicoob em parceria com a associação de reciclagem e demais entidades , vai proporcionar o aumento de recolhimento de resíduos para que possamos transformar em capital e dar continuidade ao trabalho . , Dia de Cooperar , ARPA;0;0
91;Banco do Brasil , Caixa , Olé , Pan e BMG já são instituições credenciadas para operar em parceria . , Pan , Olé;0;0
92;O Serasa eCred lançou ontem o Digio , cartão de crédito do Banco CBSS , sem anuidade , mensalidades ou juros rotativos , e disponibilizará o produto em sua plataforma . , Digio , Banco CBSS;1;1
93;Nubank tem aval do BC para ser instituição financeira e lança cartão de débito . , Nubank , BC;1;1
94;As ações acontecem em parceria com os Procons de Campo Grande , Londrina e Poços de Caldas e têm como objetivo contribuir para o reequilíbrio fina . , Procons , Poços de Caldas;1;0
95;Sobre os próximos serviços a serem disponibilizados até o final deste ano , Cury adiantou parcerias com a Ben em pagamentos de refeição e alimentação e com a credenciadora Getnet . , Getnet , Cury;1;0
96;A Legião da Boa Vontade, instituição educacional, cultural, beneficente e filantrópica, foi fundada no Brasil pelo jornalista, radialista e poeta Alziro Zarur no programa de rádio 'Hora da Boa Vontade', na Rádio Globo do Rio de Janeiro . , Hora da Boa Vontade , Legião da Boa Vontade;0;1
97;É uma tentativa de trazer ao Brasil o que a Tencent criou na China com o seu WeChat . , WeChat , Tencent;1;1
98;O Banco do Brasil avança na estratégia de Open Banking e lança a primeira API (Interface de Programação de Aplicativos) de crédito do Brasil . , Interface de Programação de Aplicativos , Open Banking;0;0
99;O Sicoob Central SC/RS promoveu no Attive Coworking , em Porto Alegre RS , um Workshop de Inovação nos dias 7 e 8 de junho . , Sicoob Central SC/RS , Workshop de Inovação;0;0
100;Banco CBSS , instituição que faz parte do Grupo Elopar , parceria entre Bradesco e Banco do Brasil , acaba de passar por processo de reposicionamento da marca , passa a ser conhecido agora como digio sim . , Bradesco , Banco do Brasil;1;0
101;O Tempo de Valor também contou com dicas do educador financeiro e supervisor do Instituto Sicoob, Juliano Fernandes, que falou sobre a relação com o dinheiro. , Tempo de Valor , Juliano Fernandes;1;1
102;Para o Brazil Journal, o desafio está além de tentar penetrar um dos mercados mais disputados da economia, pois a PagSeguro não tem histórico em crédito nem experiência em investimentos. , PagSeguro , Brazil Journal;0;0
103;Através da Casa de Cinema de Porto Alegre, esse grupo produziu obras-primas como o curta-metragem Ilha das Flores e apresentou para o país cineastas como Jorge Furtado, considerado um dos mais interessantes realizadores do cinema brasileiro atual. , Ilha das Flores , Jorge Furtado;0;0
104;Acreditamos que esta parceria com o Banco do Brasil corresponde a uma parte importante das necessidades de investimento verde no Brasil , disse Maria Netto , especialista em mercado financeiro do BID . , BID , Banco do Brasil;0;0
105;A abertura do evento contou com a presença de Fernando Gomes, presidente da Câmara Municipal do Porto, e do vereador Wan Chun, em representação de Sales Marques, presidente do Leal Senado. , Leal Senado , Sales Marques;1;1
106;O investimento foi liderado pelo BTG Pactual do mesmo grupo que controla a Exame, ENFINI Investments Grupo PWR Capital e os investidores da primeira rodada Monashees e Go4it Capital. , Monashees , BTG Pactual;0;0
107;A Visa e a Cielo anunciaram ontem uma parceria para viabilizar a transferência eletrônica de valores por um consumidor ou por uma empresa para a conta de um cartão ou de qualquer outro dispositivo de pagamento de forma rápida , segura , sem atrito e em tempo real . , Visa , Cielo;1;1
108;A Chilli Beans, maior rede especializada em óculos escuros da América Latina, segue ampliando o seu negócio e gerando emprego em diversas regiões do Brasil. , América Latina , Chilli Beans;1;1
109;Com isso , o Mercado Livre quer puxar o faturamento brasileiro , que responde por 60% das vendas da América Latina . , América Latina , Mercado Livre;0;0
110;A PicPay é um originador de negócios para o Original, mas a gente não fica forçando o cliente a mudar de um para o outro, completa Raul Moreira, diretor de TI. , TI , PicPay;0;0
111;O relatório do Goldman Sachs lembra que o Bradesco comprou a Ágora em 2008 e em 2019 incorporou os clientes individuais da Bradesco Corretora. , Bradesco , Goldman Sachs;1;1
112;Ainda ontem, o prefeito de Ribeirão, Gilberto Maggioni do PMN, assinou uma carta de intenção com a USP para colocar parte da frota da administração municipal movida a biodiesel, já a partir de junho. , USP , PMN;0;0
113;Rodrigo Ventura decidiu criar a 88i após validar sua tese no Startup Weekend Blockchain Techstars , evento patrocinado pelo Google e pela TechStars , braço de inovação do banco Barclays da Inglaterra . , Rodrigo Ventura , banco Barclays da Inglaterra;0;0
114;Desde que a intenção de Carvalho em comprar a Abril em parceria com o BTG Pactual veio à tona , já se sabia que o banco tinha um interesse editorial no negócio . , BTG Pactual , Abril;0;0
115;No início da semana, a presidente do Banco Central Europeu , Christine Lagarde, afirmou que a emissão de uma moeda digital está sendo estudada seriamente. , Christine Lagarde , Banco Central Europeu;1;1
116;BR Distribuidora, que em 2019 buscou a Smarthis e a UiPath para a implementação da plataforma de hiper automação da UiPath, com o objetivo de melhorar a eficiência de seus processos, ou seja, entregar mais resultados em menos tempo e com qualidade. , BR Distribuidora , UiPath;1;1
117;A Via Varejo anunciou parceria com a AirFox Brasil , subsidiária da americana CarrierEQ Airfox , para que o pagamento das compras seja feito por transferências pelo aplicativo . , AirFox Brasil , Via Varejo;1;1
118;Uma iniciativa da Solvay Portuguesa reuniu 965.081 para Timor. , Timor , Solvay Portuguesa;1;1
119;O Citi Treasury and Trade Solutions celebrou uma parceria estratégica com a Feedzai , no campo da gestão de risco em tempo real . , Citi Treasury and Trade Solutions , Feedzai;1;1
120;De acordo com a Gol , para utilizar o novo modelo de pagamento , é necessário fazer a reserva dos bilhetes com até quatro dias de antecedência em relação à data do voo , pelos canais de venda da empresa aplicativo , site ou lojas VoeGol e escolher a opção Lotérica . , Lotérica , VoeGol;0;0
121;Estamos nas garras de uma revolução de fintechs e 2019 será um ano crucial , com desenvolvimentos sísmicos que variam do tumulto do Brexit ao início da GDPR , da implementação do open banking , também conhecida como PSD2 , e a evolução contínua dos serviços baseados em blockchain . , GDPR , Brexit;0;0
122;A cimeira União Europeia-África, prevista para 8 e 9 de Dezembro em Lisboa, não deve ser uma cimeira sobre o presidente do Zimbabwe, Robert Mugabe, defendeu hoje José Sócrates, primeiro-ministro português e presidente em exercício da União Europeia . , Lisboa , União Europeia-África;1;1
123;Sobre a Elo Lançada em 2011 por três dos maiores bancos do País (Banco do Brasil , Bradesco e CAIXA) , a Elo é a primeira bandeira 100% brasileira . , Elo , CAIXA;0;0
124;A Pesquisa FinTech Deep Dive 2018 , feita pela Associação Brasileira de Fintechs e pela consultoria PwC Brasil , divulgada esta semana , registrou otimismo das startups financeiras . , PwC Brasil , Associação Brasileira de Fintechs;0;0
125;A abertura do evento contou com a presença de Fernando Gomes, presidente da Câmara Municipal do Porto, e do vereador Wan Chun, em representação de Sales Marques, presidente do Leal Senado. , Sales Marques , Câmara Municipal do Porto;0;0
126;Com parceria de empresas como MEI Fácil , Dicas MEI , MarketUP e Sebrae , o Bradesco mantém um portal exclusivo onde MEIs são auxiliados no processo de formalização e abertura de conta PJ e contam com diversos serviços e software gratuitos que ajudam na gestão do negócio . , Sebrae , MEIs;0;0
127;A marca tem feito investimentos contínuos em inovar seu modelo de negócio e já disponibilizou assistentes de voz para outros serviços da marca, como a experiência de Meditação Natura, que pode ser acionado pelo Amazon Alexa e pelo Google Assistente, disponíveis em português, espanhol e inglês. , Meditação Natura , Amazon Alexa;1;1
128;Pesquisadores da Universidade de Michigan em Ann Arbor, nos Estados Unidos, sugerem que os olhos de asiáticos tendem a ver uma imagem no seu conjunto, prestando tanto atenção ao que está em primeiro plano quanto no fundo, enquanto os americanos demoram mais o olhar no objeto central de um quadro. , Ann Arbor , Estados Unidos;1;1
129;A inovação tecnológica tem levado os bancos a digitalizar serviços , reduzindo os custos , e a simplificar o acesso ao mercado e à informação , disse nesta quarta , em Brasília , o presidente do Banco Central , Roberto Campos Neto , na abertura LiftDay , evento realizado pela autarquia em parceria com a Federação Nacional de Associações dos Servidores do Banco Central . , Federação Nacional de Associações dos , Banco Central;0;0
130;A startup argentina Ripio , carteira digital mobile para serviços financeiros que possui operação no Brasil , e fechou uma parceria com o Mercado Pago , empresa de tecnologia de serviços de pagamentos do grupo Mercado Livre . , Brasil , Mercado Pago;0;0
131;Banco Votorantim , junto com Monashees e Mindset Ventures , anunciam uma rodada de investimento de 6 milhões de dólares na WEEL , plataforma online de antecipação de recebíveis . , WEEL , Banco Votorantim;1;1
132;A informação foi divulgada nesta segunda-feira, por Roberto Campos Neto, presidente do BC, na abertura da 9ª reunião plenária do Fórum Pagamentos Instantâneos . , Roberto Campos Neto , Fórum Pagamentos Instantâneos;0;0
133;Uma parceria entre a Cielo e o Magazine Luiza chega ao mercado e permite que qualquer loja física do país venda um dos 4 milhões de produtos disponíveis no site do Magalu . , Magazine Luiza , Magalu;0;0
134;A Elopar, joint venture formada por Bradesco e BB, que detêm 50,01% e 49,99% de participação, respectivamente, controla a bandeira Elo, com 56,969% de participação. , Elo , Elopar;1;1
135;Os materiais disponíveis, desenvolvidos pela própria Sicoob Universidade em parceria com Uol Edtech, Banco Central e FGCoop, abordam temas variados voltados ao cooperativismo. , Uol Edtech , FGCoop;0;0
136;A inovação tecnológica tem levado os bancos a digitalizar serviços , reduzindo os custos , e a simplificar o acesso ao mercado e à informação , disse nesta quarta , em Brasília , o presidente do Banco Central , Roberto Campos Neto , na abertura LiftDay , evento realizado pela autarquia em parceria com a Federação Nacional de Associações dos Servidores do Banco Central . , Roberto Campos Neto , Banco Central;1;0
137;A Visa Inc . e a Rappi apresentaram no México o inovador e atraente cartão RappiPay Visa , que os consumidores mexicanos podem solicitar , de forma simples , em minutos e diretamente da plataforma digital Rappi que já usam , na qual confiam e com a qual já estão familiarizados . , Rappi , Visa Inc;0;1
138;A SLC Agrícola , uma das maiores produtoras agrícolas brasileiras , lançou , nesta quarta-feira , o Agro Exponencial , seu programa de conexão com startups , tendo a consultoria Innoscience como responsável na gestão do mesmo . , Innoscience , Agro Exponencial;0;0
139;Como a Conta Zap opera por meio de mensagens com os clientes no aplicativo WhatsApp, a nova sociedade une as duas funcionalidades no mesmo meio. , Conta Zap , WhatsApp;1;1
140;Os participantes da Maratona , realizada em parceria com o Sebrae Educação Empreendedora e a Startup Educa Maker , criaram protótipos de robôs que podem ajudar em tarefas diárias , em diferentes contextos , na área rural e urbana , como o robô para distribuir sementes na terra para o plantio ou fazer a coleta de lixo diretamente das lixeiras sem contato manual humano . , Maratona , Sebrae Educação Empreendedora;1;1
141;A startup argentina Ripio , carteira digital mobile para serviços financeiros que possui operação no Brasil , e fechou uma parceria com o Mercado Pago , empresa de tecnologia de serviços de pagamentos do grupo Mercado Livre . , Mercado Livre , Ripio;0;0
142;Na última quinta-feira 3, o Ministério da Economia aumentou o limite da Caixa para contratação pelo Pronampe em R$ 2,55 bilhões. , Pronampe , Ministério da Economia;0;0
143;Se Santos Ferreira tiver sucesso no BCP, quem vai sofrer é a Caixa - e, por tabela, todos nós, contribuintes. , Santos Ferreira , Caixa;0;0
144;O bairro Cobilândia, em Vila Velha, vai receber a primeira agência do Sicoob, nesta segunda-feira 15, na Avenida Carlos Lindenberg. , Cobilândia , Sicoob;1;1
145;No início do ano , representantes do N26 anunciaram expansão para os Estados Unidos , ainda no primeiro semestre de 2019 , e , posteriormente , para o Brasil . , Estados Unidos , N26;1;1
146;A Visa Inc . e a Rappi apresentaram no México o inovador e atraente cartão RappiPay Visa , que os consumidores mexicanos podem solicitar , de forma simples , em minutos e diretamente da plataforma digital Rappi que já usam , na qual confiam e com a qual já estão familiarizados . , México , RappiPay Visa;0;1
147;A 88i , plataforma de serviços digitais para seguros e blockchain , foi aprovada no Global Startup Program GSP  da Singularity University , corporação do Vale do Silício que oferece programas educacionais e uma incubadora de empresas . , Vale do Silício , Singularity University;1;1
148;A SLC Agrícola , uma das maiores produtoras agrícolas brasileiras , lançou , nesta quarta-feira , o Agro Exponencial , seu programa de conexão com startups , tendo a consultoria Innoscience como responsável na gestão do mesmo . , Innoscience , SLC Agrícola;0;1
149;A fusão acelera os planos da Stone de adicionar serviços baseados em tecnologia à sua base de clientes, e os da Linx de avançar na oferta de soluções de pagamentos aos varejistas. , Linx , Stone;0;0
150;Poderão usar a agência clientes de bancos como Banrisul , Banco do Nordeste do Brasil e BMG , e também dos digitais Banco Inter e Agibank . , Banrisul , Agibank;0;0
151;No entanto, o portal especializado E-Commerce Brasil sugeriu que o Mercado Livre, fundado na Argentina, também já cogitou comprar a estatal. , Argentina , Mercado Livre;1;1
152;Magazine Luiza e Via Varejo também estudam ofertar serviços financeiros a seus lojistas , mas , na visão de analistas , as duas empresas têm se movimentado menos rapidamente nessa área do que B2W e Mercado Livre . , Magazine Luiza , Mercado Livre;0;0
153;Os sócios Santander Brasil e o mineiro Bonsucesso estão próximos de terminar o casamento anunciado há quase cinco anos e que deu origem à Olé para explorar crédito consignado , aquele com desconto em folha de pagamento. , Santander Brasil , Olé;0;0
154;Na onda das parcerias entre os bancos digitais e os clubes de futebol , desta vez é o Banco BMG e o Vasco da Gama . , Banco BMG , Vasco da Gama;1;0
155;Em breve será possível também contar com Santander , Itaú , Bradesco , Daycoval e CCB . , Itaú , Daycoval;0;0
156;O Cubo Itaú , espaço de fomento ao empreendedorismo tecnológico do Itaú Unibanco junto à Redpoint eventures , acaba de firmar parceria com Business Lab , da montadora francesa Groupe PSA , dona das marcas de veículos Peugeot e Citroën . , Redpoint , Cubo Itaú;0;0
157;A Stone e outras concorrentes já vêm ganhando mercado até pouco tempo dominado pela Cielo, controlda por Banco do Brasil e Bradesco . , Bradesco , Stone;0;0
158;A Logbank tem sinergia com a Orbitall e nos permitirá democratizar o acesso a soluções de banking as a service para pequenas e médias empresas, especialmente varejistas e startups que querem escalar seus negócios por meio de uma plataforma completa e modular de serviços financeiros a seus clientes”, afirma Marco Stefanini, CEO Global do Grupo Stefanini. , Grupo Stefanini , Orbitall;0;0
159;Sete ativistas do Greenpeace foram presos ontem nos EUA ao tentar impedir o descarregamento de madeira brasileira na cidade de Savannah, na costa do estado da Geórgia. , EUA , Greenpeace;1;1
160;O Atacadão estabeleceu parceria com os aplicativos Rappi e Cornershop, possibilitando uma experiência digital nas lojas em que esses aplicativos atuam. , Rappi , Cornershop;0;0
161;Nove instituições financeiras participaram da primeira etapa, entre elas Caixa, Banco do Brasil e Itaú – as três pediram ampliação do limite inicial. , Caixa , Banco do Brasil;0;0
162;O Santander planeja unir os negócios Openbank e Santander Consumer Finance para criar um banco digital global de consumo. , Openbank , Santander;1;1
163;O ator estrela o filme da nova campanha desenvolvida pelo Serasa Consumidor , startup e braço da Serasa Experian , para promover a plataforma de renegociação de dívidas online , o Serasa Limpa Nome . , Serasa Consumidor , Serasa Limpa Nome;0;1
164;O PIX, sistema brasileiro de pagamentos instantâneos desenvolvido pelo Banco Central , possibilitará a criação de novos serviços financeiros atrelados a ele. , Banco Central , PIX;1;1
165;Com parceria de empresas como MEI Fácil , Dicas MEI , MarketUP e Sebrae , o Bradesco mantém um portal exclusivo onde MEIs são auxiliados no processo de formalização e abertura de conta PJ e contam com diversos serviços e software gratuitos que ajudam na gestão do negócio . , Bradesco , Sebrae;1;1
166;Está confirmado para a FINIT , maior feira de negócios , inovação e tecnologia da América Latina , o Banco Inter Hackathon . , FINIT , América Latina;1;1
167;Na última semana , representantes do setor de Tecnologia da Informação e Comunicação do Paraná se encontraram em Curitiba para lançamento do programa Paraná Hub Blockchain , promovido pela Celepar . , Tecnologia da Informação e Comunicação do Paraná , Curitiba;1;0
168;O novo modelo de cartão, inaugurado no último mês, possui o contactless já presente na edição anterior para pagamentos por aproximação, e ainda tem tecnologia MTT, que permite pagar passagem em transportes públicos de São Paulo e Rio de Janeiro no crédito. , São Paulo , MTT;0;0
169;O Guiabolso , por exemplo , também utiliza dados externos de birôs de crédito , como o SCPC Boa Vista , com quem tem uma parceria . , Guiabolso , SCPC Boa Vista;1;0
170;O Sistema do Pagamento Instantâneo permitirá que a liquidação de compras seja feita em 30 dias, por exemplo, disse Marco Zanini, sócio-fundador da Dinamo Networks, que venceu a licitação do BC para fornecer equipamentos para a implantação do PIX. , BC , Dinamo Networks;1;1
171;O diretor Aloysio Legey deixou o comando do Megatom para cuidar dos especiais de fim de ano da Globo. , Globo , Aloysio Legey;0;0
172;Magazine Luiza e Via Varejo também estudam ofertar serviços financeiros a seus lojistas , mas , na visão de analistas , as duas empresas têm se movimentado menos rapidamente nessa área do que B2W e Mercado Livre . , Via Varejo , Mercado Livre;0;0
173;No ano passado , o Banco Votorantim selou uma parceria com o Banco Neon , cujo parceiro foi liquidado pelo Banco Central . , Banco Central , Banco Votorantim;0;0
174;Já no primeiro semestre de 2020 , vai investir na abertura da primeira unidade Meu Doutor Novamed , que será instalada no Shoppi . , Shoppi , Meu Doutor Novamed;1;1
175;A ByteDance, proprietária do TikTok, está tomando medidas para entrar no negócio de corretagem de ações online e gestão de fortunas em Hong Kong, mostraram documentos de registro de marcas. , TikTok , Hong Kong;0;0
176;Segundo os desenvolvedores do token , ele foi construído justamente para atender o setor de turismo e , de acordo com o site oficial , possui parcerias com o Bank of China , Credit Suisse , HSBC , Banco Central de Cuba e Banco Central do Egito . , Banco Central do Egito , HSBC;0;0
177;A Thinkseg , primeira insurtech totalmente digital do Brasil e recentemente nomeada uma das mais inovadoras do mundo pela Fintech Global , acaba de fechar parceria exclusiva com seguradora internacional , uma das 10 maiores do mercado mundial com base em sua receita e lucros . , Brasil , A Thinkseg;1;1
178;A Bloomberg relata que a Apple planeja lançar esse programa mensal de parcelas , que será vinculado ao seu cartão de crédito Apple Card emitido pelo Goldman Sachs , nas próximas semanas. , Bloomberg , Goldman Sachs;0;0
179;Magazine Luiza e Via Varejo também estudam ofertar serviços financeiros a seus lojistas , mas , na visão de analistas , as duas empresas têm se movimentado menos rapidamente nessa área do que B2W e Mercado Livre . , B2W , Mercado Livre;0;0
180;O Santander , portanto , fechou uma parceria com a Wyden , instituição de ensino superior que faz parte dos maiores grupos educacionais do mundo , a Adtalem Global Education . , Wyden , Adtalem Global Education;1;1
181;As ações acontecem em parceria com os Procons de Campo Grande , Londrina e Poços de Caldas e têm como objetivo contribuir para o reequilíbrio fina . , Procons , Londrina;1;0
182;A companhia conta ainda com outras três redes de afinidade: TRUEColors, B.Power e enABLE. , enABLE , TRUEColors;0;0
183;O Banco Original , que abriu APIs ainda em 2016 , também trabalha em um modelo com ênfase no open banking .  , Banco Original , APIs;1;1
184;Klein afirmou que os principais executivos da Via Varejo estão na China nesta semana , reunindo-se com Tencent Holdings e outras grupos sobre potenciais soluções de pagamento que poderiam ser trazidas ao Brasil . , Klein , Tencent Holdings;0;0
185;A única coisa que pedimos é que cada nova versão seja também tornada pública no site do Creative Commons , diz Christiansen. , Christiansen , Creative Commons;0;0
186;O levantamento mensal abrange o Banco do Brasil, Bradesco, Caixa Econômica Federal, Itaú, Safra e Santander. , Itaú , Safra;0;0
187;A XP Investimentos contratou para a XP Private, braço responsável pela gestão de fortunas, o executivo Sérgio Mattar, que ocupava a função de head de Ultra High Private Banking no Banco Santander. , Banco Santander , XP Private;0;0
188;O Sicoob Central SC/RS promoveu no Attive Coworking , em Porto Alegre RS , um Workshop de Inovação nos dias 7 e 8 de junho . , Workshop de Inovação , Porto Alegre RS;0;0
189;O achado foi apresentado por Mark Mattson, do Instituto Nacional do Envelhecimentos dos EUA, durante a 170ª Reunião Anual da Associação Americana para o Avanço da Ciência, em Seattle, no noroeste dos Estados Unidos. , Reunião Anual , Associação Americana para o Avanço da Ciência;1;0
190;O Magazine Luiza anunciou nesta segunda-feira (29) acordo para comprar a Netshoes por cerca de 62 milhões de dólares , transformando a empresa de comércio eletrônico em uma subsidiária do grupo e reforçando sua aposta no varejo online . , Magazine Luiza , Netshoes;1;1
191;A AgriMart usa tecnologia de ponta para viabilizar uma comunicação acessível e simples com o produtor rural , tendo em vista a negociação/compra dos seus produtos um chatbot via Whatsapp . , AgriMart , Whatsapp;0;0
192;Este é um grande diferencial de mercado e acreditamos que incentivará ainda mais o consumidor a utilizar seus benefícios , afirma João Pedro Paro Neto , presidente da Mastercard para o Brasil e Cone Sul . , João Pedro Paro Neto , Mastercard;1;1
193;Em Portugal , o crédito com desconto em folha já é oferecido em parceria com o banco BNI , que inovou ao adotar o modelo em parceria com a SalaryFits . , SalaryFits , Em Portugal;0;0
194;Ambos os acordos receberam a garantia direta da Inglaterra e vieram a constituir fundamentos da estabilidade territorial da América portuguesa. , Inglaterra , América portuguesa;0;0
195;O biólogo William Eberhard, da Universidade da Costa Rica, descobriu que as larvas de esse inseto, ao parasitar a aranha Plesiometa argyra, provocam mudanças no comportamento da hospedeira. , Universidade da Costa Rica , William Eberhard;1;1
196;Durante o primeiro trimestre de 2020, o Sicoob registrou um valor de R$ 64,3 bilhões no volume de Operações de Crédito, cerca de 22% a mais do que o computado de janeiro a março do ano anterior. , Operações de Crédito , Sicoob;1;0
197;O Sistema do Pagamento Instantâneo permitirá que a liquidação de compras seja feita em 30 dias, por exemplo, disse Marco Zanini, sócio-fundador da Dinamo Networks, que venceu a licitação do BC para fornecer equipamentos para a implantação do PIX. , PIX , Dinamo Networks;0;0
198;É no Hotel Eva, situado na lateral da marina, que se reune o Clube Lions, em as primeiras quartas-feiras de cada mês, pelas 21 horas. , Hotel Eva , Clube Lions;1;1
199;O sinal verde da autarquia é imprescindível, porque o projeto do BS2 Empresas parte do conceito do PIX , ferramenta para fazer transferências e pagar contas desenvolvida e habilitada pelo BC , e somente as instituições habilitadas podem oferecer essa tecnologia. , PIX , BS2 Empresas;1;1
200;O banco Santander do México já veio conhecer o Way , completou Cury . , Cury , Way;0;0
201;O projeto premiado foi a criação da atendente virtual BIA , o case do Lollapalooza em que o Banco firmou parceria com o festival para se conectar a clientes mais jovens , e ainda recebeu o terceiro lugar da categoria Workforce Experience pelo case de gerenciamento de prestadores de serviços externos em parceria com a startup Fieldcontrol . , BIA , Workforce Experience;0;0
202;O Santander planeja unir os negócios Openbank e Santander Consumer Finance para criar um banco digital global de consumo. , Openbank , Santander Consumer Finance;0;0
203;Estamos transferindo esses ganhos aos nossos clientes , disse Pedro Coutinho , CEO da Getnet , ao Valor , do escritório da companhia em São Paulo . , Getnet , Valor;0;0
204;É urgente que aquela comissão averigúe por que razão os Estados Membros estão a ignorar as leis da UE em matéria de segurança marítima e não se trata apenas da Grécia. , UE , Estados Membros;1;0
205;A Arábia Saudita era um dos três países do mundo que reconheciam, no Afeganistão, o governo Talibã. , Afeganistão , Arábia Saudita;1;1
206;Será como no México , onde os bancos compartilham essas estruturas , afirma o presidente da Saque e Pague , Givanildo Luz . , Saque e Pague , Givanildo Luz;1;1
207;Da mesma forma que o investidor avalia o balanço da empresa e a qualidade de gestão, a gente tem de analisar se as empresas estão cumprindo com os três pilares ESG, diz Renato Ejnisman, diretor executivo do banco Bradesco, responsável pela gestora, pelo private banking e pela área internacional da instituição financeira. , Renato Ejnisman , Bradesco;1;1
208;A rede de franquias de pagamentos eletrônicos Acqio , em parceria com a bandeira Elo e a Cateno , especializada em soluções de meios de pagamento , lança o cartão pré-pago Acqio para franqueados responsáveis pelas vendas de suas maquininhas . , Elo , Cateno;0;0
209;O estudo revela que devido aos programas de benefícios sociais criados para minimizar os impactos da Covid-19, a população não bancarizada em toda a América Latina teria sido América Latina e Caribe , Caribe , América Latina;0;0
210;A Firgun trabalha em parceria com organizações não-governamentais que atuam na periferia , como a Afrobusiness e a Barca , que atendeu Maria Pimentel , da Parça Progresso Confecções , do Jardim Ângela , zona sul de São Paulo , Barca , Parça Progresso Confecções;0;1
211;As logomarcas nos totens dos bancos de Boston e Citibank, Clube Banco dos Ingleses e lanchonete McDonalds estavam manchadas de sangue. , Boston , McDonalds;0;0
212;O diretor Operacional Olavo Lazzarotto representou o Sicoob Central SC/RS . , Sicoob Central SC/RS , Olavo Lazzarotto;1;1
213;O BTG já tem 41,5% do Pan, que faz parte de sua estratégia geral de varejo. , Pan , BTG;1;1
214;O Mercado Pago , fintech do grupo Mercado Livre , firma parceria inédita com a Hub Fintech , líder em tecnologia e soluções de negócios em meios de pagamento no Brasil , que permite que um cartão bandeirado MasterCard acesse , em tempo real , o saldo de sua conta virtual no Mercado Pago para realizar compras em terminais e saques em redes conveniadas . , Mercado Livre , Hub Fintech;0;0
215;"Com a aquisição , a companhia busca expandir suas plataformas Einstein e Customer 360; essa foi a maior compra da história da Salesforce . , Einstein , Customer 360";0;0
216;Não lhe passa pela cabeça que Santos Ferreira, com o que sabe da Caixa, fique em excelente posição para ganhar quota de mercado ao banco público, que vai este ano dar mais de 800s de lucros, dos quais 400s vão direitinhos para os cofres do Estado a título de IRC. , Santos Ferreira , IRC;0;0
217;A situação de estes dois países provocou o regresso de muito capital especulativo ao mercado , segundo o presidente da Ritterbusch & Associates, Jim Ritterbusch, citado pela Reuters. , Jim Ritterbusch , Ritterbusch & Associates;1;1
218;O executivo Cristian Mairesse Cavalheiro , que era vice-presidente de tecnologia , se desligou da Getnet na sexta , para se dedicar 100% à internacionalização , a partir de uma base em Porto Alegre , no Rio Grande do Sul . , Porto Alegre , Getnet;0;0
219;De acordo com nota enviada à imprensa , o presidente do Sebrae , Guilherme Afif Domingos disse que as altas taxas de juros , a burocracia e o excesso de exigências para tomar um empréstimo são como espantalhos que afugentam as pequenas empresas e impedem que elas busquem os recursos necessários para alavancar o negócio . , Guilherme Afif Domingos , Sebrae;1;1
220;A PicPay é um originador de negócios para o Original, mas a gente não fica forçando o cliente a mudar de um para o outro, completa Raul Moreira, diretor de TI. , Original , TI;0;0
221;O navio trazia compensados de madeira exportados pela Selvaplac, subsidiária brasileira de um grupo da Malásia. , Selvaplac , Malásia;1;1
222;O head de Produtos e Pessoa Física do C6 Bank, Maxnaun Gutierrez, comenta sobre a inclusão dessa forma de pagamento aos cartões da empresa:  , Produtos e Pessoa Física , Maxnaun Gutierrez;1;0
223;Deixou-se enredar com o PS em Lisboa, o pior sítio para alguém se enredar com o PS. , Lisboa , PS;1;0
224;O banco CBSS , controlado pelos sócios Bradesco e Banco do Brasil , fez uma parceria com a fintech Geru para empréstimos a pessoas físicas . , CBSS , Bradesco;1;1
225;Jennifer Leonard, da Universidade da Califórnia em Los Angeles, e colegas de instituições do Peru e do México procuraram verificar o material genético de raças de cachorro sabidamente anteriores à chegada dos europeus. , Los Angeles , Jennifer Leonard;0;0
226;O C6 Bank, em conjunto com a PayGo, lança o C6 Express, uma solução que permite a estabelecimentos como padarias, lojas de conveniências e comerciantes em geral prestar o serviço de saque de dinheiro a clientes que precisam de pequenas quantias para compras do dia a dia. , C6 Bank , PayGo;1;1
227;A Credicard , empresa de soluções de pagamento do banco Itaú Unibanco , acaba de anunciar sua parceria com a Chubb Seguros . , Chubb Seguros , Credicard;1;1
228;Credz , uma das maiores administradoras e emissoras de cartões do Brasil , em parceria com a TransUnion , companhia global de soluções de informação . , TransUnion , Credz;1;1
229;O Mercado Pago , fintech do grupo Mercado Livre , firma parceria inédita com a Hub Fintech , líder em tecnologia e soluções de negócios em meios de pagamento no Brasil , que permite que um cartão bandeirado MasterCard acesse , em tempo real , o saldo de sua conta virtual no Mercado Pago para realizar compras em terminais e saques em redes conveniadas . , Mercado Pago , Brasil;0;0
230;As três são unicórnios como são chamadas as startups que atingiram mais de 1 bilhão de dólares em valor de mercado e atuam em mercados bem diferentes dos que Lemann costuma investir com seus sócios , Marcel Telles e Carlos Alberto Sicupira , por meio da gestora 3G Capital . , G Capital , Carlos Alberto Sicupira;0;1
231;O Sebrae-SP e as principais instituições financeiras do País promovem nesta quinta e sexta-feira dias 16 e 17, o evento Crédito Emergencial. , País , Sebrae-SP;0;1
232;A partir de sua unidade Butique na Rua Oscar Freire, em São Paulo, a empresa irá realizar lives e palestras sobre receitas e harmonização de café em que consumidores podem tirar dúvidas. , Rua Oscar Freire , São Paulo;1;1
233;O Banco do Brasil estreou seu marketplace de imóveis retomados com a proptech Resale, resultado do primeiro contrato comercial entre o banco e uma startup. , Resale , Banco do Brasil;1;1
234;O APP Meu Tudo , disponibilizado nas lojas Apple Store e Google Play Store , funciona sem intermediários nas contratações dos financiamentos com desconto na folha de pagamentos . , Google Play Store , Apple Store;0;0
235;E forças do Cioe tomam a RTP e o RCP no Porto. , Porto , Cioe;0;0
236;A startup colombiana de entregas Rappi fez uma parceria com a Visa . , Rappi , Visa;1;1
237;Nuno Severiano Teixeira reúne-se ainda com o comandante da força da Nato ISAF no Afeganistão, General Dan McNeill. , Afeganistão , Nato ISAF;1;1
238;A Logbank tem sinergia com a Orbitall e nos permitirá democratizar o acesso a soluções de banking as a service para pequenas e médias empresas, especialmente varejistas e startups que querem escalar seus negócios por meio de uma plataforma completa e modular de serviços financeiros a seus clientes”, afirma Marco Stefanini, CEO Global do Grupo Stefanini. , Orbitall , Marco Stefanini;0;0
239;Mainardi ressalta ainda que o funcionamento do PIX, o sistema de pagamentos instantâneos criado pelo Banco Central do Brasil, e as inovações em open banking formam um contexto bastante propício para a expansão de negócios da Zucchetti no país, tendo a solidez da Compufour como aditivo para essa movimentação. , PIX , Compufour;0;0
240;A plataforma que estreou com apenas cinco parceiros , hoje conta com o apoio de 27 instituições como Banco Original , Trigg , Creditas , Rebel , Simplic , Santana Financeira , entre outras . , Santana Financeira , Trigg;0;0
241;A sua fundação, como 'Biblioteca de Marinha', deve-se à Rainha D. Maria II, por decreto de 7 de Janeiro de 1835, ficando de ínicio integrada no Arsenal Real de Marinha e instalada no andar nobre do respectivo edíficio da Ribeira das Naus. , Arsenal Real de Marinha , Ribeira das Naus;0;0
242;A Getnet, empresa de tecnologia do Grupo Santander especializada em soluções digitais de meios de pagamentos, abriu as inscrições para o Hackathon Empreenda Getnet, em parceria com o Sebrae. , Sebrae , Hackathon Empreenda Getnet;0;1
243;A Nossa Galáxia vai por isso assinar sábado um protocolo com a Câmara Municipal de Cascais para que o Centro de Interpretação Ambiental seja disponibilizado para as suas actividades junto da comunidade escolar. , Câmara Municipal de Cascais , Centro de Interpretação Ambiental;0;0
244;Sustentou Orlando Gonçalves, revelando que a Fanorte vai exigir uma explicação da Câmara. , Fanorte , Orlando Gonçalves;1;1
245;Vale destacar que o PSDB vinha negociando um acordo com a Igreja Universal . , PSDB , Igreja Universal;1;1
246;Mas é um private mais democrático, para quem tem a partir de R$ 1 milhão, diz João Vitor Menin, presidente do Inter, com exclusividade ao NeoFeed. , NeoFeed , João Vitor Menin;1;0
247;Programa Amigo , programa de fidelidade da Avianca fecha parceria com o Banrisul . , Banrisul , Avianca;0;0
248;O aumento da temperatura na Antártida durante o último século foi de 1,2°C, pelo menos o dobro da média no resto do planeta, que ficou entre 0,2°C e 0,6°C, segundo o Painel Intergovernamental de Mudança Climática, órgão da ONU. , Painel Intergovernamental de Mudança Climática , Antártida;0;0
249;A companhia, dona de sete marcas como Sams Club, Superbompreço, Maxxi Atacado e Mercadorama, teve receita líquida de 15,7 bilhões de reais nos primeiros nove meses de 2020, alta de 5,36% ante mesma etapa do ano passado, com a margem subindo de 1% para 3,9%. , Maxxi Atacado , Superbompreço;0;0
250;O executivo destacou que o iminente lançamento do PIX, sistema de pagamentos instantâneos do Banco Central, abre uma boa perspectiva para que a Bitz recupere qualquer tempo eventualmente perdido e ganhe terreno rapidamente. , Banco Central , PIX;1;1
251;No mês passado, o presidente da Câmara de Nova Iorque, Michael Bloomberg, decidiu entregar o cartão de militante do Partido Conservador . , Partido Conservador , Câmara de Nova Iorque;0;0
252;A Rede , credenciadora de cartões controlada pelo Itaú Unibanco , negocia uma parceria com a americana First Data . , Itaú Unibanco , Rede;1;1
253;Por meio deste programa , temos acesso aos melhores recursos e especialistas para executarmos nosso projeto , ressalta Rodrigo Ventura , CEO da 88i . , 88i , Rodrigo Ventura;1;1
254;Apesar de ser um dos bancos que tem se mostrado menos amigável às plataformas de criptomoedas no Brasil , o Bradesco que fechou a conta da exchange Braziliex utilizará a tecnologia da Ripple para realizar transferências internacionais para o Japão , numa parceria com o MUFG Bank . , Braziliex , Bradesco;1;1
255;O governo de São Paulo criou uma plataforma na internet, chamada Meu Emprego Vaga Certa, para facilitar a contratação de pessoas no estado. , São Paulo , Meu Emprego Vaga Certa;1;1
256;A insurtech Ciclic recebeu um aporte de capital no valor de R$ 20,2 5 milhões de reais da BB Seguridade , braço de seguros e previdência do Banco do Brasil . , BB Seguridade , Banco do Brasil;1;1
257;O UBS e o BB criarão uma joint venture quando duas empresas se unem para criarem uma terceira, com 50,01% do capital nas mãos do banco suíço e 49,99% pertencentes ao BB Banco de Investimento. , UBS , BB Banco de Investimento;0;1
258;Através de uma parceria com as Lojas Americanas , o SerasaConsumidor vai disponibilizar essas informações de crédito financeiro em 337 lojas da rede , espalhadas por todo o Brasil . , SerasaConsumidor , Lojas Americanas;1;1
259;Além disso, o BC liberou a Visa para fazer testes com o WhatsApp Pay, sistema de pagamentos anunciada pelo Facebook. , BC , WhatsApp Pay;0;0
260;A expansão internacional da MinTech passa por negócios na Ásia Indonésia , Filipinas , Vietnam e Índia  e , mais recentemente , na América Latina , começando pelo Brasil . , Ásia Indonésia , Filipinas;0;0
261;Em nota , a empresa brasileira diz que o documento foi assinado por Renato Costa , presidente da JBS Carnes Brasil , e Richard Wang , executivo da Win Chain , subsidiária do Alibaba Group , dedicada à indústria de alimentos frescos e que coordena a cadeia de suprimentos da companhia . , Renato Costa , JBS Carnes Brasil;1;1
262;A Youse, plataforma de venda online de seguros da Caixa Seguradora, e o Guiabolso, plataforma de gestão e soluções financeiras, firmaram parceria para oferecer aos clientes a contratação de seguro automotivo e ampliar as vendas da modalidade. , Guiabolso , Caixa Seguradora;0;0
263;Sete ativistas do Greenpeace foram presos ontem nos EUA ao tentar impedir o descarregamento de madeira brasileira na cidade de Savannah, na costa do estado da Geórgia. , Savannah , Greenpeace;0;0
264;Para chamar a atenção das PMEs , a Porto Seguro promete aos empresários o acesso à uma ferramenta de organização financeira criada pela Mastercard , além de uma profissionalização dos negócios . , Porto Seguro , Mastercard;0;0
265;Pouca gente sabe , mas os três maiores bancos privados do País - Bradesco , Itaú e Santander - e o Banco do Brasil oferecem 150 cursos on-line gratuitos , abertos ao público em geral . , Banco do Brasil , Itaú;0;0
266;Os serviços contratados através do Rappi são fornecidos por outras empresas , como a Singu , marketplace de beleza e cuidados pessoais , e a Getninjas , de serviços em geral . , Rappi , Singu;0;0
267;À frente do projeto está Marcelo Labuto, ex-presidente do Banco do Brasil, que tem passagem pela BB Seguridade e que chegou ao Santander em abril para a diretoria de varejo, mas logo se deparou com os escritórios vazios devido à quarentena. , BB Seguridade , Marcelo Labuto;1;1
268;Após fazer proposta de compra da Linx, a TOTVS volta a público para anunciar parceria com o Mercado Livre, com a qual pretende fortalecer presença no segmento. , TOTVS , Mercado Livre;1;1
269;Se eles olhassem como ficou a lata , não haveria problema legal ', afirmou Jakob Fenger, um dos membros do Coletivo, em entrevista para a Folha de São Paulo, em matéria que informa ainda' Por meio de sua assessoria, a AmBev, fabricante do guaraná Antarctica . , AmBev , Folha de São Paulo;0;0
270;Os atendimentos são individuais e as orientações são oferecidas por colaboradores do Sicoob, que aderem ao programa de voluntariado corporativo e são capacitados em educação financeira de acordo com a metodologia do Instituto Sicoob. , Sicoob , Instituto Sicoob;0;0
271;É só uma questão de tempo até os jornais começarem a perguntar onde está o PSD, onde está Menezes, onde está a oposição vinda do partido que é suposto 'liderar-la', que não se vê em parte nenhuma. , PSD , Menezes;0;0
272;Além do Pronampe, durante a pandemia, o governo ampliou o alcance o Programa Emergencial de Acesso ao Crédito por meio da MP 975, também aprovada hoje pelo Senado. , Pronampe , Programa Emergencial de Acesso ao Crédito;0;0
273;A empresa vai oferecer um pacote de serviços bancários acessíveis via dispositivos móveis por meio de uma parceria com um banco local até que a startup obtenha a licença do Banco Central para atuar como banco no País , Banco Central , País;0;0
274;A XP Investimentos contratou para a XP Private, braço responsável pela gestão de fortunas, o executivo Sérgio Mattar, que ocupava a função de head de Ultra High Private Banking no Banco Santander. , XP Investimentos , XP Private;1;1
275;A empresa de internet russa Yandex disse que está em negociações com a TCS Group a respeito de uma possível oferta para comprar 100% do capital social do banco digital russo Tinkoff. , Tinkoff , TCS Group;0;0
276;O banco Pan será usado pelo BTG para expandir sua presença no varejo voltado para as classes C e D . , BTG , banco Pan;1;1
277;Segundo o Banco Central , existem mais de 20 competidores nesse mercado que até 2010 era centrado apenas em Cielo , do Banco do Brasil  , e Rede , do Itaú Unibanco . , Banco do Brasil , Rede;0;0
278;A Mastercard fará uma parceria com a fintech Token para desenvolver um hub de Open Banking . , Token , Open Banking;0;0
279;Apresentada na Bienal de Veneza em 2003, a obra 'Guaraná Power', do coletivo dinamarquês Superflex, foi selecionada pela curadoria da 27ª Bienal de São Paulo mas teve sua exibição vetada pela Fundação realizadora da mostra. , Bienal de São Paulo , Superflex;0;0
280;No futuro, quando a produção de tecido hepático se tornar uma realidade, o número de transplantes poderá ser minimizado', disse à Folha por e-mail Joe Jackson, um dos autores do estudo que sai hoje na revista 'Nature'. , Nature , Joe Jackson;1;1
281;A varejista de cosméticos Hinode , em parceria com a GetNet e a Super Digital , passa a oferecer máquinas de cartões de crédito e débito para seus 850 000 consultores e 450 franqueados . , GetNet , Super Digital;0;0
282;O SCCSBT lançou em parceria com o Sicoob, o quadro Tempo de Valor. , Sicoob , SCCSBT;1;1
283;Nós não somos um banco  Em uma conferência da CNN na semana passada , Jennifer Bailey , vice-presidente de serviços de Internet da Apple , discutiu os planos da companhia em relação a Apple Pay . , Apple Pay , Jennifer Bailey;0;0
284;O FintechLab , o Torq e a Confederação Brasileira das Cooperativas de Crédito Confebras , acabam de anunciar a lista das startups financeiras que irão apresentar suas soluções para o público presente na 12ª edição do CONCRED , o maior congresso cooperativista da América Latina . , América Latina , Torq;0;0
285;A confiança e a segurança são primordiais para a saúde dos negócios e, nesse momento, viraram diferenciais competitivos no mercado, afirma Guilherme Evans, sócio de Customer e Marketing da Deloitte. , Guilherme Evans , Deloitte;0;1
286;"Na manhã de segunda-feira 13/07, foi realizado o lançamento do Plano Safra do Banco do Brasil 2020/2021 no Rio Grande do Sul, que disponibilizará R$ 14 bilhões para o Estado, sendo a distribuição de R$ 11,6 bilhões em custeio, comercialização e industrialização; R$ 1,4 bilhão para investimentos e R$ 1 bilhão para outras finalidades. , Rio Grande do Sul , Estado";0;0
287;O cartão de crédito Digio agora pode ser cadastrado no Google Pay para realizar pagamento por aproximação com o celular. , Digio , Google Pay;1;1
288;A startup israelense PayKey, planeja atuar no País junto a instituições financeiras. , País , PayKey;1;1
289;Estamos transferindo esses ganhos aos nossos clientes , disse Pedro Coutinho , CEO da Getnet , ao Valor , do escritório da companhia em São Paulo . , Pedro Coutinho , Valor;1;0
290;A Bloomberg relata que a Apple planeja lançar esse programa mensal de parcelas , que será vinculado ao seu cartão de crédito Apple Card emitido pelo Goldman Sachs , nas próximas semanas. , Apple , Goldman Sachs;0;0
291;Neon Pagamentos está lançando uma conta digital chamada MEI Fácil, que não conta com mensalidades, boas taxas e serviços como cartão de débito físico, virtual e geração de boletos. , MEI Fácil , Neon Pagamentos;1;1
292;Segundo Cassius Vinicius Stevani, químico da USP que coordena os estudos, é possível que o material recolhido abranja pelo menos dez espécies novas. , USP , Cassius Vinicius Stevani;1;1
293;Mainardi ressalta ainda que o funcionamento do PIX, o sistema de pagamentos instantâneos criado pelo Banco Central do Brasil, e as inovações em open banking formam um contexto bastante propício para a expansão de negócios da Zucchetti no país, tendo a solidez da Compufour como aditivo para essa movimentação. , Zucchetti , Mainardi;0;1
294;Acreditamos que o uso da tecnologia de pagamentos por aproximação no metrô é uma oportunidade de digitalizar bilhões de transações de baixo valor , melhorando a experiência do passageiro e reduzindo despesas do transporte público , explica Fernando Teles , presidente da Visa do Brasil . , Visa do Brasil , Fernando Teles;1;1
295;Segundo o Magazine Luiza , os acionistas da Netshoes receberão o valor da aquisição em dinheiro . , Netshoes , Magazine Luiza;1;1
296;O Auxílio Emergencial no Brasil, o Ingreso Solidario na Colômbia e o Ingreso Familiar de Emergencia da Argentina impulsionaram a criação de contas bancárias pelos usuários para o depósito do auxílio. , Ingreso Solidario , Brasil;0;0
297;Nesse grupo , destaque para Via Varejo , Magazine Luiza , Carrefour e B2W , dona das marcas Americanas.com e Submarino . , B2W , Via Varejo;0;0
298;O Grupo Pão de Açúcar GPA anunciará nos próximos meses uma parceria com o Itaú Unibanco para oferecer serviços de meios de pagamento , disse Antonio Salvador , diretor de transformação digital . , Antonio Salvador , Grupo Pão de Açúcar;1;0
299;O executivo destacou que o iminente lançamento do PIX, sistema de pagamentos instantâneos do Banco Central, abre uma boa perspectiva para que a Bitz recupere qualquer tempo eventualmente perdido e ganhe terreno rapidamente. , Bitz , Banco Central;0;0
300;O UBS e o BB criarão uma joint venture quando duas empresas se unem para criarem uma terceira, com 50,01% do capital nas mãos do banco suíço e 49,99% pertencentes ao BB Banco de Investimento. , BB Banco de Investimento , BB;0;0
301;Em Genebra, o mediador da União Européia, lorde Owen, disse que Karadzic aceitou o plano de união entre as três repúblicas que surgiriam da divisão da Bósnia. , Owen , Genebra;1;1
302;A Bloomberg relata que a Apple planeja lançar esse programa mensal de parcelas , que será vinculado ao seu cartão de crédito Apple Card emitido pelo Goldman Sachs , nas próximas semanas. , Apple Card , Goldman Sachs;1;1
303;A Arábia Saudita era um dos três países do mundo que reconheciam, no Afeganistão, o governo Talibã. , Talibã , Arábia Saudita;1;1
304;Na agência de Sorocaba, por exemplo, o gerente Luiz Roberto Mathias Junior intermediou a exposição dos produtos do Empório Matuto, uma empresa de queijos e geleias do cooperado José Renato Moura Piantino. , José Renato Moura Piantino , Sorocaba;0;0
305;A abertura do evento contou com a presença de Fernando Gomes, presidente da Câmara Municipal do Porto, e do vereador Wan Chun, em representação de Sales Marques, presidente do Leal Senado. , Câmara Municipal do Porto , Fernando Gomes;1;1
306;"Na manhã de segunda-feira 13/07, foi realizado o lançamento do Plano Safra do Banco do Brasil 2020/2021 no Rio Grande do Sul, que disponibilizará R$ 14 bilhões para o Estado, sendo a distribuição de R$ 11,6 bilhões em custeio, comercialização e industrialização; R$ 1,4 bilhão para investimentos e R$ 1 bilhão para outras finalidades. , Rio Grande do Sul , Plano Safra";1;1
307;Bradesco e Banco do Brasil deverão entrar no Apple Pay em julho . , Apple Pay , Banco do Brasil;1;0
308;A Hub Fintech , empresa de meios de pagamento que tem o bilionário Carlos Wizard Martins como dono de 90% do capital , acaba de fechar um contrato com a Visa , maior companhia de pagamentos digitais no mundo . , Hub Fintech , Visa;0;1
309;A Veloe está com uma promoção especial para clientes Pessoa Física do Bradesco Financiamentos. , Pessoa Física , Bradesco Financiamentos;1;1
310;Acreditamos que esta parceria com o Banco do Brasil corresponde a uma parte importante das necessidades de investimento verde no Brasil , disse Maria Netto , especialista em mercado financeiro do BID . , Brasil , Maria Netto;0;0
311;Hoje , a principal fintech desse segmento é o Nubank , que tem 8, 5 milhões de clientes , sendo 4, 8 milhões na NuConta . , NuConta , Nubank;0;0
312;O cartão de débito de criptomoeda altamente esperado da Binance, Binance Card, está oficialmente estreando em países do Espaço Econômico Europeu . , Binance , Binance Card;1;1
313;Hugo Doménech, professor da Universidade Jaume de Castellón e do jornalista Raul Riebenbaueur reuniram um especialista forense, um militar geodésico e um astrofísico e recolheram depoimentos locais. , Hugo Doménech , Universidade Jaume de Castellón;1;1
314;É aí que novos padrões vêm à tona correlações entre espécies diferentes, características da paisagem e outros fatores que não poderiam ser descobertos de outra maneira ', afirma Jason Knight, instrutor da Wilderness Awareness School em Duvall . , Wilderness Awareness School , Duvall;1;1
315;Na última quinta-feira 3, o Ministério da Economia aumentou o limite da Caixa para contratação pelo Pronampe em R$ 2,55 bilhões. , Pronampe , Caixa;1;1
316;O Banco Central do Brasil selecionou nesta segunda-feira,  20 projetos de fintechs que integrarão o Laboratório de Inovação Financeira e Tecnológicas .  , Laboratório de Inovação Financeira e Tecnológicas , Banco Central do Brasil;0;0
317;"O encontro reuniu as cooperativas do Sicoob São Miguel , que atuam em Lajeado , Carlos Chagas e Veranópolis, do Sicoob Valcredi Sul , dos municípios de Venâncio Aires e Santa Cruz do Sul; e do Sicoob Vale do Vinho , de Bento Gonçalves , Caxias do Sul , Farroupilha e Flores da Cunha . , Sicoob Vale do Vinho , Bento Gonçalves";1;1
318;Segundo o subgerente de Agronegócios do Sicoob Central SCRS , Rodinei Munaretto , queremos potencializar a atuação de nossas cooperativas no Rio Grande do Sul e , para isso , o crédito rural e o agronegócio são fundamentais para uma parceria mais efetiva e duradoura . , Rodinei Munaretto , Agronegócios do Sicoob Central SCRS;1;1
319;Mainardi ressalta ainda que o funcionamento do PIX, o sistema de pagamentos instantâneos criado pelo Banco Central do Brasil, e as inovações em open banking formam um contexto bastante propício para a expansão de negócios da Zucchetti no país, tendo a solidez da Compufour como aditivo para essa movimentação. , Zucchetti , Banco Central do Brasil;0;0
320;Para oferecer o serviço, o Waze fechou parceria com as redes Shell e ExxonMobil. , Waze , Shell;1;1
321;Mark Suthern, chefe nacional de agricultura, diz Esperamos que este espaço proporcione a start-ups a oportunidade de desenvolver tecnologias novas e interessantes, acelerando seus negócios e liderando o Reino Unido em uma nova era de agricultura. , Reino Unido , Mark Suthern;0;0
322;A Samsung anuncia o Sicoob , maior sistema financeiro cooperativo do Brasil , como o mais novo parceiro do Samsung Pay no país . , Brasil , Samsung Pay;0;0
323;O lançamento do e-commerce proprietário da marca Zaxy nesta sexta-feira, 14, marca um novo momento na estratégia de negócios e acesso aos clientes da Grendene. , Zaxy , Grendene;1;1
324;A Spin Pay, plataforma de pagamentos instantâneos para o varejo, faz a ponte entre grandes corporações , como a GOL , open banking e PIX. , Spin Pay , GOL;1;0
325;A iniciativa , desenvolvida pelo MetrôRio e pela Visa , conta ainda com a parceria do Banco do Brasil , Bradesco e Cielo e proporcionará mais agilidade aos clientes de qualquer emissor que possuem dispositivos por aproximação . , MetrôRio , Visa;0;0
326;O Bitz, carteira digital e conta de pagamento do Bradesco, anuncia a aquisição da DinDin, fintech que atua no mesmo segmento desde 2016. , Bradesco , DinDin;0;0
327;Durante o EXAME Fórum 2019 , em 9 de setembro , Frederico afirmou que a China está anos-luz à frente dos americanos em tecnologia digital e que o Brasil está focando a geopolítica errada , China , EXAME Fórum 2019;0;1
328;Companhia brasileira de tecnologia já havia recebido um aporte de R$ 40 milhões da Igah Ventures no início de 2020, que entre outras coisas, o capital foi utilizado para aquisição recente da gaúcha Meerkat, que desenvolveu um algoritmo de biometria facial. , Companhia Brasileira de Tecnologia , Meerkat;0;0
